{"cameraMode":{"drawMode":0,"name":"Shaded","section":"Shading Mode"},"sceneLighting":true,"audioPlay":false,"sceneViewState":{"m_AlwaysRefresh":false,"showFog":true,"showSkybox":true,"showFlares":true,"showImageEffects":true,"showParticleSystems":true,"showVisualEffectGraphs":true,"m_FxEnabled":true},"in2DMode":false,"pivot":{"x":290.0834045410156,"y":63.69080352783203,"z":1.9687652587890626},"rotation":{"x":0.20009973645210267,"y":-0.15301544964313508,"z":0.031655069440603259,"w":0.9672377705574036},"size":119.36185455322266,"orthographic":false}