{"cameraMode":{"drawMode":0,"name":"Shaded","section":"Shading Mode"},"sceneLighting":false,"audioPlay":false,"sceneViewState":{"m_AlwaysRefresh":false,"showFog":true,"showSkybox":false,"showFlares":true,"showImageEffects":true,"showParticleSystems":true,"showVisualEffectGraphs":true,"m_FxEnabled":true},"in2DMode":false,"pivot":{"x":1.2077631950378419,"y":2.8081231117248537,"z":0.14392322301864625},"rotation":{"x":0.34621304273605349,"y":-0.047252994030714038,"z":0.017463358119130136,"w":0.9368048310279846},"size":4.051054954528809,"orthographic":false}